source_id,ra,dec,spt,group,reference,Name
2925888166229550464,102.82674999999999,-21.907444444444444,1.5,ABDMG,Riaz 2006,J06511842-2154268
61801491310173056,51.878586944444436,22.21060972222222,4.5,BPMG,Jeffers 2018,J03273084+2212382
5842018574775458688,188.12929166666666,-72.91855555555556,3.5,EPSC,Riaz 2006,J12323103-7255068
6075333808320438016,193.9515833333333,-51.560694444444444,2,LCC,Riaz 2006,J12554838-5133385
5875591509559619456,231.669625,-61.18219444444444,3,UCL,Riaz 2006,J15264071-6110559
6025860934721871232,253.6950833333333,-35.04833333333333,4,UCL,Riaz 2006,J16544682-3502540
6242288292442882560,241.01887499999998,-23.77720833333333,4,USCO,Slesnick 2006,J16040453-2346377